id,nombre,email,telefono,fecha
3,maria,maria431@correo.com,7538304769,2026-01-01
5,sofia,sofia462@mail.com,1508316489,2026-02-15
11,carlos,carlos40@example.com,0429553560,2026-02-07
13,carlos,carlos79@mail.com,9165096513,2026-02-09
19,lucia,lucia370@correo.com,3018554990,2026-01-21
31,luis,luis495@example.com,7843862280,2026-02-09
40,luis,luis522@example.com,1830818507,2026-01-01
43,maria,maria998@example.com,9261387342,2026-02-16
47,juan,juan496@correo.com,1556916835,2026-01-07
50,luis,luis301@mail.com,0325538513,2026-01-01
59,pedro,pedro954@mail.com,9043877273,2026-02-02
63,pedro,pedro845@correo.com,9209513303,2026-01-01
64,juan,juan286@mail.com,3651244549,2026-01-15
66,ana,ana330@correo.com,6076560396,2026-01-18
71,maria,maria649@correo.com,9566976667,2026-01-01
76,luis,luis63@mail.com,7332530706,2026-02-23
80,sofia,sofia192@mail.com,7053105779,2026-01-19
84,lucia,lucia518@mail.com,3509671460,2026-01-16
89,lucia,lucia999@mail.com,6352649513,2026-01-01
93,ana,ana58@mail.com,2797371370,2026-01-01
94,carlos,carlos792@correo.com,0654949582,2026-02-21
97,sofia,sofia202@correo.com,4716682292,2026-01-31
105,pedro,pedro954@mail.com,4134211128,2026-01-29
107,juan,juan843@mail.com,7280423190,2026-01-01
110,ana,ana801@example.com,9988977011,2026-01-01
112,carlos,carlos44@mail.com,1442388503,2026-01-31
113,luis,luis507@correo.com,4166722272,2026-01-29
125,juan,juan339@example.com,2840419292,2026-01-12
132,lucia,lucia559@mail.com,0153928402,2026-01-23
133,juan,juan479@correo.com,0197086057,2026-01-01
138,maria,maria978@mail.com,0661514541,2026-01-01
145,pedro,pedro277@correo.com,0884682849,2026-01-01
148,ana,ana642@example.com,2324119674,2026-01-17
155,maria,maria78@example.com,0925415500,2026-01-01
156,maria,maria201@correo.com,9261119138,2026-01-28
158,carlos,carlos62@example.com,2722173182,2026-03-02
163,luis,luis220@correo.com,4994683847,2026-02-17
165,sofia,sofia839@example.com,0985389937,2026-01-01
166,sofia,sofia374@mail.com,1873054258,2026-02-27
167,juan,juan125@mail.com,4713223756,2026-02-22
169,pedro,pedro685@example.com,3998859672,2026-02-13
176,carlos,carlos979@example.com,2100135822,2026-01-01
178,sofia,sofia487@mail.com,0805347838,2026-02-15
183,lucia,lucia315@mail.com,0555650591,2026-01-06
186,pedro,pedro328@mail.com,0603328460,2026-02-10
187,ana,ana21@correo.com,1533907008,2026-01-01
191,pedro,pedro34@example.com,7345536487,2026-01-01
193,sofia,sofia711@mail.com,2678506806,2026-01-01
194,carlos,carlos652@correo.com,6746542241,2026-02-19
195,luis,luis104@example.com,0561332798,2026-02-07
196,luis,luis481@mail.com,0097832963,2026-01-01
207,lucia,lucia265@correo.com,8696601604,2026-01-19
211,pedro,pedro774@mail.com,1562721504,2026-01-01
212,luis,luis414@mail.com,5452853365,2026-01-01
214,maria,maria39@correo.com,3948202896,2026-01-01
215,pedro,pedro168@correo.com,9205438773,2026-02-27
219,lucia,lucia162@correo.com,5371185023,2026-01-01
221,carlos,carlos971@example.com,7414339540,2026-01-01
224,ana,ana510@example.com,9951518072,2026-01-28
225,juan,juan28@correo.com,2696049608,2026-01-01
230,pedro,pedro980@correo.com,5451565802,2026-03-03
249,sofia,sofia381@mail.com,4882841927,2026-01-01
254,maria,maria943@mail.com,4059851360,2026-01-01
255,pedro,pedro943@example.com,8619497807,2026-01-01
262,pedro,pedro632@mail.com,3518674351,2026-01-01
266,luis,luis243@mail.com,1215119197,2026-01-09
267,sofia,sofia936@example.com,3246392059,2026-02-02
268,juan,juan195@mail.com,7355083762,2026-03-02
280,pedro,pedro843@example.com,7214218718,2026-01-01
282,ana,ana450@mail.com,0008288592,2026-01-01
288,carlos,carlos717@example.com,4736461134,2026-01-01
289,luis,luis479@example.com,8763227498,2026-01-01
295,ana,ana940@example.com,6208523837,2026-02-22
297,ana,ana673@example.com,2385014636,2026-01-01
301,ana,ana191@mail.com,0074733574,2026-02-28
302,ana,ana716@correo.com,1858888959,2026-02-18
304,luis,luis996@example.com,0257835756,2026-01-01
311,luis,luis474@mail.com,3999009396,2026-01-01
315,juan,juan171@mail.com,3271985936,2026-01-30
317,luis,luis391@mail.com,5296538797,2026-01-05
320,pedro,pedro609@correo.com,8544635489,2026-01-02
325,luis,luis179@mail.com,3019657952,2026-01-01
328,lucia,lucia534@mail.com,9776357444,2026-02-02
330,carlos,carlos942@example.com,6570618903,2026-01-01
347,juan,juan196@example.com,6116661772,2026-02-06
360,lucia,lucia140@mail.com,8291718456,2026-01-01
365,sofia,sofia208@example.com,7082098384,2026-02-07
368,lucia,lucia530@correo.com,7825544139,2026-02-14
385,lucia,lucia260@mail.com,3450785060,2026-02-16
388,sofia,sofia273@example.com,8175189452,2026-02-07
390,maria,maria576@example.com,0880050258,2026-02-04
392,ana,ana517@correo.com,5745440283,2026-02-01
394,pedro,pedro263@example.com,4503439271,2026-01-01
401,pedro,pedro336@mail.com,9859685888,2026-01-01
403,sofia,sofia275@mail.com,3882829414,2026-01-01
406,ana,ana401@correo.com,8279601399,2026-01-01
407,lucia,lucia328@correo.com,3157385778,2026-02-08
409,luis,luis406@mail.com,0975076140,2026-03-03
411,pedro,pedro275@example.com,7824682062,2026-01-01
412,lucia,lucia67@correo.com,1130389776,2026-01-01
415,pedro,pedro773@example.com,9543752328,2026-02-27
416,pedro,pedro6@example.com,6673419405,2026-02-02
421,carlos,carlos439@correo.com,4765304478,2026-02-16
426,sofia,sofia828@mail.com,7185483123,2026-01-01
430,sofia,sofia322@correo.com,5283453069,2026-02-16
437,juan,juan805@correo.com,6266211134,2026-02-17
439,pedro,pedro490@correo.com,5832716559,2026-01-01
443,carlos,carlos236@mail.com,1523276031,2026-01-01
447,sofia,sofia913@correo.com,3592414277,2026-02-17
448,sofia,sofia358@correo.com,9566710119,2026-01-01
453,sofia,sofia881@correo.com,7030356004,2026-01-01
462,ana,ana655@example.com,2020844765,2026-02-16
467,lucia,lucia771@mail.com,8111022700,2026-01-24
475,pedro,pedro310@example.com,6827368110,2026-01-25
481,luis,luis792@correo.com,3602049086,2026-01-01
484,pedro,pedro284@correo.com,9459046791,2026-02-03
488,pedro,pedro478@correo.com,0036112546,2026-03-02
492,sofia,sofia34@correo.com,3624534128,2026-02-04
493,luis,luis476@correo.com,6842950219,2026-02-27
496,lucia,lucia881@mail.com,7240420380,2026-02-05
497,luis,luis682@correo.com,2267736630,2026-02-19
499,pedro,pedro402@example.com,1198881152,2026-03-02
505,luis,luis972@mail.com,1552467860,2026-01-01
508,maria,maria686@mail.com,6652593776,2026-01-07
509,ana,ana823@correo.com,8318203231,2026-02-05
511,sofia,sofia95@mail.com,4936980066,2026-01-01
522,sofia,sofia933@example.com,4575225639,2026-01-26
524,pedro,pedro660@correo.com,7059710871,2026-01-01
527,juan,juan686@mail.com,5696853485,2026-01-08
532,luis,luis901@mail.com,0081601622,2026-02-06
533,carlos,carlos482@correo.com,1225018050,2026-01-14
534,juan,juan525@example.com,0951340973,2026-02-08
535,maria,maria261@example.com,5529611595,2026-01-08
540,juan,juan242@correo.com,0359005929,2026-01-07
548,juan,juan357@correo.com,4671126129,2026-02-04
549,carlos,carlos538@mail.com,4457524261,2026-01-01
554,lucia,lucia512@mail.com,4630498984,2026-01-01
565,juan,juan893@mail.com,0938495099,2026-01-26
568,maria,maria206@mail.com,8803951775,2026-02-11
572,juan,juan794@correo.com,4175965203,2026-01-31
574,pedro,pedro286@correo.com,4361508515,2026-01-01
582,carlos,carlos533@correo.com,3623496932,2026-02-10
586,pedro,pedro442@correo.com,4779845942,2026-01-26
587,sofia,sofia388@mail.com,4318673791,2026-01-16
590,ana,ana296@example.com,7522468204,2026-01-01
591,maria,maria379@correo.com,8760587944,2026-01-04
594,luis,luis505@correo.com,1492085918,2026-02-23
595,luis,luis856@correo.com,5679699120,2026-03-03
602,pedro,pedro674@example.com,4601871488,2026-01-10
607,maria,maria174@example.com,1500118038,2026-01-01
610,pedro,pedro900@correo.com,5878078879,2026-01-01
614,sofia,sofia572@mail.com,0638381559,2026-02-21
618,luis,luis834@correo.com,7852885394,2026-01-01
623,juan,juan960@example.com,7877565975,2026-01-01
624,maria,maria583@correo.com,0163711954,2026-01-15
627,ana,ana879@mail.com,0250499438,2026-01-04
629,maria,maria284@correo.com,5867845793,2026-01-01
632,carlos,carlos880@correo.com,8566425700,2026-02-12
638,maria,maria58@example.com,9310663811,2026-01-12
639,maria,maria394@mail.com,2100161352,2026-02-09
643,pedro,pedro13@example.com,3856274117,2026-01-01
646,sofia,sofia336@correo.com,4100518683,2026-03-03
650,ana,ana126@correo.com,0953338680,2026-01-01
653,lucia,lucia11@example.com,3410470220,2026-01-05
659,juan,juan810@mail.com,9484720138,2026-01-01
663,juan,juan853@example.com,7960855051,2026-01-04
665,maria,maria652@example.com,8407004958,2026-02-12
668,luis,luis184@example.com,2179649381,2026-02-19
669,carlos,carlos430@correo.com,0605661523,2026-02-28
675,lucia,lucia344@example.com,9597508090,2026-01-21
685,ana,ana673@correo.com,7631499716,2026-02-25
686,juan,juan162@correo.com,1991357238,2026-01-01
693,pedro,pedro470@correo.com,6686665917,2026-01-18
697,luis,luis62@correo.com,7945067043,2026-01-01
705,carlos,carlos367@correo.com,3910850835,2026-02-20
709,maria,maria49@example.com,5447322382,2026-02-11
710,maria,maria93@mail.com,1111925101,2026-01-01
712,ana,ana216@correo.com,7568532593,2026-01-22
721,maria,maria446@correo.com,0681706900,2026-02-16
725,carlos,carlos770@mail.com,2799473597,2026-02-23
726,lucia,lucia184@mail.com,6567443084,2026-02-17
729,luis,luis612@correo.com,6163346573,2026-01-01
730,luis,luis113@example.com,3028308585,2026-01-01
732,carlos,carlos931@mail.com,5479074122,2026-02-16
736,carlos,carlos479@example.com,9808568800,2026-01-01
737,sofia,sofia218@example.com,7069798070,2026-02-16
738,sofia,sofia37@example.com,3991693488,2026-01-01
750,maria,maria741@mail.com,8659352501,2026-01-01
758,pedro,pedro912@example.com,8371863521,2026-02-01
759,ana,ana517@correo.com,8562002986,2026-01-16
761,sofia,sofia482@example.com,7664623681,2026-02-13
762,carlos,carlos850@correo.com,1206454082,2026-01-04
768,juan,juan217@example.com,3077446808,2026-01-01
780,carlos,carlos419@example.com,1675121939,2026-01-01
782,maria,maria656@mail.com,5159875980,2026-01-21
784,lucia,lucia291@example.com,2047863328,2026-01-01
804,maria,maria815@example.com,7166161295,2026-01-23
806,sofia,sofia293@mail.com,6546734052,2026-02-15
810,juan,juan765@mail.com,2880197578,2026-01-13
811,juan,juan362@mail.com,2027802819,2026-01-17
813,ana,ana807@mail.com,6502127348,2026-02-23
815,sofia,sofia164@correo.com,7026426561,2026-02-10
819,sofia,sofia228@mail.com,6276700948,2026-01-30
822,juan,juan717@example.com,4013358285,2026-02-02
823,ana,ana454@mail.com,2644715004,2026-01-17
833,pedro,pedro879@example.com,6541584870,2026-01-01
834,maria,maria214@mail.com,8870757817,2026-01-01
835,pedro,pedro789@correo.com,0185927069,2026-01-01
843,sofia,sofia418@mail.com,0478912506,2026-03-01
844,maria,maria271@correo.com,6536134928,2026-02-20
849,lucia,lucia292@correo.com,0904057671,2026-01-01
855,lucia,lucia670@mail.com,1896012411,2026-01-01
856,carlos,carlos762@mail.com,7604429874,2026-02-10
858,lucia,lucia350@example.com,8965545913,2026-02-20
861,luis,luis483@correo.com,5121973283,2026-01-14
862,juan,juan877@example.com,4947184949,2026-01-01
887,carlos,carlos195@mail.com,2414098249,2026-02-13
890,lucia,lucia666@mail.com,8235624621,2026-02-07
893,luis,luis960@mail.com,5860998120,2026-01-03
896,luis,luis164@mail.com,2494867920,2026-03-01
897,sofia,sofia893@mail.com,0560269735,2026-01-01
899,luis,luis624@example.com,7129394049,2026-02-16
900,carlos,carlos681@example.com,9938691064,2026-01-01
903,pedro,pedro489@example.com,8485459500,2026-01-01
905,ana,ana991@mail.com,3898521684,2026-03-02
906,pedro,pedro619@correo.com,8378184412,2026-01-01
909,lucia,lucia565@example.com,3165184736,2026-01-01
911,carlos,carlos864@mail.com,8764996052,2026-02-25
912,luis,luis575@mail.com,1179320656,2026-01-18
915,ana,ana528@mail.com,6231289675,2026-01-19
917,lucia,lucia382@correo.com,5334843919,2026-01-17
918,juan,juan475@correo.com,6048331726,2026-01-02
920,lucia,lucia268@correo.com,8785294615,2026-02-13
929,pedro,pedro407@correo.com,8531406747,2026-01-01
930,ana,ana110@mail.com,8061378676,2026-01-01
931,luis,luis257@correo.com,1165561535,2026-02-14
934,sofia,sofia597@correo.com,6133347493,2026-02-04
937,maria,maria887@mail.com,3488392018,2026-01-01
940,lucia,lucia997@correo.com,9863499054,2026-01-02
943,lucia,lucia379@correo.com,8762587273,2026-01-23
944,lucia,lucia540@example.com,6815496822,2026-01-25
949,luis,luis978@correo.com,1988108451,2026-01-02
956,carlos,carlos472@correo.com,4325114437,2026-01-29
969,maria,maria215@example.com,4910985316,2026-01-01
978,juan,juan813@correo.com,5429274270,2026-01-01
981,pedro,pedro865@mail.com,2816991604,2026-01-11
982,maria,maria408@mail.com,0809575796,2026-01-01
990,pedro,pedro60@correo.com,0239448273,2026-02-27
